Time,Lift (cm),Roll (deg),Pitch (deg),Front right,Front left,Rear rigtht,Rear left,Forward velocity (m/s),Side velocity(m/s),Rotate velocity(deg/s)
0.008000,7.101518,-0.921323,-1.954755,28,72,30,82,0.000045,0.000010,-1.382856
0.018000,7.101421,-0.920843,-1.954919,27,72,29,82,0.000163,0.000018,0.918115
0.028000,7.101373,-0.923772,-1.955600,28,72,30,81,0.000156,0.000011,-1.127192
0.038000,7.101403,-0.923206,-1.955492,28,72,30,82,0.000092,0.000030,1.685106
0.048000,7.101249,-0.922465,-1.955955,28,71,29,81,-0.000022,0.000006,1.045947
0.058000,7.101431,-0.922499,-1.956943,27,72,29,83,-0.000004,0.000054,1.173779
0.069000,7.101133,-0.924514,-1.958240,27,72,30,81,-0.000004,0.000014,-1.382856
0.079000,7.101132,-0.924559,-1.959292,27,73,30,82,-0.000006,-0.000003,-0.104538
0.089000,7.101087,-0.923371,-1.961873,27,72,30,82,-0.000004,-0.000010,-0.104538
0.099000,7.101081,-0.924886,-1.963441,27,71,30,82,-0.000029,-0.000002,2.579928
0.109000,7.101211,-0.926673,-1.965663,27,72,29,81,-0.000013,-0.000029,0.790284
0.119000,7.100963,-0.925951,-1.965113,27,71,30,81,-0.000037,-0.000014,0.790284
0.129000,7.101153,-0.927447,-1.965951,27,72,30,82,-0.000096,0.000034,0.662452
0.139000,7.101055,-0.931656,-1.966027,27,71,29,82,0.000030,0.000030,-0.743697
0.149000,7.100987,-0.930334,-1.966496,28,72,30,82,0.000053,0.000032,-0.615865
0.160000,7.100861,-0.928955,-1.967178,27,72,31,82,-0.000001,0.000025,-0.360202
0.170000,7.101012,-0.927178,-1.967062,27,72,30,82,-0.000007,0.000032,-2.789005
0.180000,7.100910,-0.926820,-1.967444,28,71,30,81,-0.000033,0.000007,-2.789005
0.190000,7.100919,-0.926144,-1.966946,27,71,30,82,0.000040,-0.000056,0.534620
0.200000,7.100898,-0.925028,-1.967556,28,72,29,82,-0.000030,-0.000020,-1.127192
0.210000,7.101370,-0.925288,-1.967161,28,71,30,81,0.000004,-0.000010,0.534620
0.220000,7.100938,-0.924842,-1.967032,28,71,30,81,-0.000079,-0.000027,0.151125
0.230000,7.100774,-0.922276,-1.966741,28,72,30,81,-0.000102,-0.000018,-1.638519
0.241000,7.101116,-0.923421,-1.964724,27,72,30,82,-0.000114,-0.000011,1.429442
0.251000,7.101096,-0.923969,-1.964410,27,72,30,82,-0.000057,-0.000039,0.918115
0.261000,7.101203,-0.922654,-1.964597,28,72,30,81,0.000028,-0.000011,0.534620
0.271000,7.101064,-0.921751,-1.963540,28,72,30,81,-0.000005,0.000028,-2.277678
0.281000,7.101236,-0.922645,-1.962426,27,72,30,82,-0.000034,0.000029,0.662452
0.291000,7.101230,-0.919592,-1.961673,27,72,30,81,-0.000069,0.000011,-0.232370
0.301000,7.101160,-0.919820,-1.961701,27,72,29,82,-0.000038,0.000016,1.685106
0.311000,7.101287,-0.918888,-1.960861,28,72,30,82,0.000034,-0.000005,0.151125
0.321000,7.101027,-0.919746,-1.959669,28,72,29,82,0.000033,-0.000006,0.534620
0.332000,7.101199,-0.918093,-1.958224,29,71,30,81,-0.000028,0.000020,0.534620
0.342000,7.101233,-0.917685,-1.959809,28,72,30,82,-0.000063,-0.000004,-0.871529
0.352000,7.101316,-0.916953,-1.959668,27,71,30,81,-0.000015,-0.000022,0.406788
0.362000,7.101463,-0.917566,-1.959369,28,72,30,82,-0.000093,-0.000014,-0.360202
0.372000,7.101125,-0.919230,-1.957871,28,72,30,81,-0.000118,0.000000,2.963423
0.382000,7.101328,-0.919101,-1.958482,28,71,30,81,-0.000030,0.000029,0.406788
0.392000,7.101324,-0.921177,-1.958742,27,71,30,81,0.000004,0.000041,-0.999360
0.402000,7.101210,-0.920183,-1.958594,28,71,30,82,0.000048,0.000035,0.662452
0.412000,7.101264,-0.920868,-1.959098,27,72,30,82,-0.000008,0.000045,1.301611
0.422000,7.101288,-0.922536,-1.959190,28,72,30,81,-0.000004,0.000050,0.662452
0.433000,7.101306,-0.922612,-1.960279,27,72,30,82,0.000028,-0.000013,-1.382856
0.443000,7.101019,-0.923401,-1.962714,27,72,29,82,0.000027,0.000016,0.151125
0.453000,7.101274,-0.922115,-1.963490,27,71,30,82,-0.000021,0.000022,-0.615865
0.463000,7.100991,-0.921850,-1.964014,28,71,30,81,-0.000010,0.000003,-0.232370
0.473000,7.101052,-0.921228,-1.965134,27,71,29,82,0.000003,-0.000017,1.301611
0.483000,7.101232,-0.920323,-1.965875,28,72,30,82,0.000008,-0.000058,0.023293
0.493000,7.100950,-0.921063,-1.968378,27,72,30,82,0.000033,-0.000033,-0.615865
0.503000,7.100968,-0.921522,-1.970947,27,72,30,81,0.000027,-0.000039,2.963423
0.513000,7.101011,-0.921079,-1.970123,28,72,30,81,-0.000030,0.000002,-0.232370
0.524000,7.100914,-0.921484,-1.970765,28,72,30,82,-0.000138,-0.000007,0.918115
0.534000,7.100959,-0.923364,-1.971501,27,72,30,81,-0.000098,0.000011,-0.360202
0.545000,7.100886,-0.922631,-1.970306,28,71,30,82,-0.000073,-0.000001,-1.894183
0.554000,7.101006,-0.920163,-1.971744,27,71,30,82,-0.000060,0.000014,-0.360202
0.564000,7.100711,-0.923883,-1.971329,27,71,30,82,-0.000019,0.000023,1.045947
0.574000,7.100893,-0.923694,-1.972105,27,71,30,81,-0.000066,-0.000022,3.602582
0.584000,7.100845,-0.922471,-1.971685,28,71,30,82,-0.000048,0.000013,-0.360202
0.595000,7.100703,-0.921728,-1.972324,27,72,29,82,-0.000027,0.000069,-1.638519
0.605000,7.100788,-0.920366,-1.971440,28,72,29,81,-0.000035,0.000014,1.301611
0.615000,7.101074,-0.918677,-1.969517,27,72,30,81,-0.000063,-0.000007,-0.488034
0.625000,7.100873,-0.918102,-1.968319,28,72,30,82,-0.000061,-0.000008,0.278957
0.635000,7.101058,-0.918669,-1.964765,28,71,29,81,0.000027,-0.000013,-0.615865
0.645000,7.101019,-0.917103,-1.966431,27,72,30,82,0.000017,-0.000012,-0.104538
0.656000,7.101142,-0.919448,-1.964918,28,72,29,82,0.000117,-0.000014,-0.615865
0.666000,7.100995,-0.918351,-1.965226,27,72,30,82,0.000034,-0.000008,-0.488034
0.676000,7.101159,-0.918981,-1.965536,27,72,30,81,-0.000030,0.000019,-0.743697
0.686000,7.101092,-0.919091,-1.965463,28,71,30,82,-0.000091,0.000017,-0.999360
0.696000,7.100942,-0.916721,-1.968848,28,71,30,81,-0.000109,0.000001,1.045947
0.706000,7.100844,-0.918792,-1.968808,28,71,29,81,-0.000115,0.000018,-1.510687
0.716000,7.100882,-0.919598,-1.968973,28,71,30,81,-0.000146,-0.000012,-0.104538
0.727000,7.100991,-0.921148,-1.969842,28,72,29,81,-0.000162,0.000003,0.790284
0.737000,7.101017,-0.923586,-1.969894,28,72,29,81,-0.000062,0.000021,-0.488034
0.747000,7.100830,-0.922803,-1.971922,27,71,30,81,-0.000009,0.000019,0.278957
0.757000,7.100917,-0.921564,-1.971572,27,72,29,81,0.000011,0.000076,1.557274
0.767000,7.101108,-0.922658,-1.972462,27,71,29,82,0.000035,0.000052,-1.255024
0.777000,7.100876,-0.921803,-1.975014,27,72,29,82,0.000032,0.000009,-0.743697
0.787000,7.100682,-0.921510,-1.975723,28,72,30,81,-0.000016,-0.000007,0.278957
0.798000,7.100856,-0.922469,-1.974423,27,72,30,82,-0.000081,-0.000015,0.151125
0.808000,7.100917,-0.922600,-1.974271,27,71,30,81,-0.000086,-0.000038,-0.999360
0.818000,7.100659,-0.923786,-1.975286,27,72,30,82,0.000058,0.000026,0.534620
0.828000,7.100750,-0.923632,-1.975222,27,72,30,81,0.000039,0.000007,-0.104538
0.838000,7.100713,-0.923335,-1.975333,27,72,29,82,-0.000009,0.000012,2.324264
0.848000,7.100759,-0.924068,-1.975463,27,71,29,82,-0.000009,0.000017,-2.661173
0.858000,7.101114,-0.924368,-1.974756,28,72,30,81,0.000011,0.000003,0.023293
0.868000,7.100760,-0.926619,-1.974853,27,72,29,82,0.000050,0.000011,-0.232370
0.879000,7.100687,-0.926906,-1.974410,27,72,29,82,0.000057,0.000024,0.151125
0.889000,7.100767,-0.926524,-1.974253,28,71,29,82,-0.000003,0.000032,0.662452
0.899000,7.100938,-0.927139,-1.975433,28,71,30,82,0.000001,0.000026,0.790284
0.909000,7.100985,-0.927363,-1.973350,28,71,29,82,0.000004,0.000040,-1.255024
0.919000,7.100940,-0.927406,-1.974768,28,71,29,82,0.000013,0.000041,-0.871529
0.929000,7.100867,-0.928755,-1.973649,28,72,29,82,0.000017,0.000014,-1.255024
0.940000,7.100895,-0.926807,-1.973806,27,72,29,82,-0.000024,0.000020,-0.360202
0.950000,7.100857,-0.928760,-1.975419,27,72,30,81,-0.000047,0.000043,-0.488034
0.960000,7.100765,-0.926666,-1.973476,28,72,30,81,-0.000069,0.000003,-1.766351
0.970000,7.101022,-0.926036,-1.971447,28,72,30,81,-0.000144,0.000035,-0.232370
0.980000,7.100900,-0.925804,-1.971130,28,71,30,82,-0.000020,0.000023,-0.488034
0.990000,7.101050,-0.925499,-1.970728,27,71,30,82,0.000106,-0.000007,-0.743697
1.000000,7.101073,-0.927433,-1.969811,27,71,31,81,0.000025,0.000006,0.023293
1.011000,7.101123,-0.926169,-1.970679,28,72,30,82,0.000042,0.000009,-0.360202
1.021000,7.100974,-0.926863,-1.969761,28,72,30,81,-0.000020,0.000042,1.045947
1.031000,7.101202,-0.927675,-1.968159,28,72,29,82,-0.000009,0.000030,-2.277678
1.041000,7.100982,-0.926051,-1.967516,28,71,30,82,-0.000005,0.000042,0.918115
1.051000,7.101108,-0.924837,-1.967722,27,71,30,82,0.000016,0.000045,0.278957
1.061000,7.100954,-0.923072,-1.968881,28,72,30,82,-0.000002,0.000051,-0.615865
1.071000,7.101016,-0.922500,-1.967162,28,72,29,82,-0.000040,-0.000010,0.534620
1.082000,7.100586,-0.920089,-1.967830,28,72,30,82,-0.000099,-0.000054,1.045947
1.092000,7.100859,-0.920086,-1.967016,28,72,30,82,-0.000092,-0.000064,0.534620
1.102000,7.100823,-0.918572,-1.967752,27,71,29,81,-0.000057,-0.000067,-1.255024
1.112000,7.100934,-0.918124,-1.967845,28,72,29,82,-0.000088,-0.000040,0.790284
1.122000,7.100952,-0.916662,-1.967858,27,71,30,82,-0.000090,-0.000022,1.940769
1.132000,7.101123,-0.915914,-1.966592,27,72,30,82,-0.000093,-0.000018,1.173779
1.142000,7.100985,-0.913643,-1.965125,27,71,30,81,-0.000096,-0.000024,-1.510687
1.152000,7.100923,-0.915035,-1.964932,27,71,29,82,-0.000095,-0.000049,3.346918
1.163000,7.100900,-0.913198,-1.965184,27,71,30,82,-0.000027,-0.000028,0.534620
1.173000,7.100905,-0.912606,-1.963086,27,71,30,81,-0.000039,-0.000018,-0.743697
1.183000,7.101104,-0.912470,-1.962836,28,72,30,82,-0.000018,-0.000035,-1.510687
1.193000,7.101101,-0.913302,-1.961518,28,72,29,81,0.000004,-0.000018,1.045947
1.203000,7.101067,-0.912388,-1.963287,28,72,29,81,0.000056,0.000017,0.534620
1.213000,7.100925,-0.914548,-1.964286,28,72,30,81,0.000057,0.000016,1.301611
1.223000,7.100919,-0.914380,-1.965928,28,72,30,82,-0.000017,0.000014,-1.382856
1.233000,7.100927,-0.913733,-1.967678,28,71,30,81,-0.000075,0.000021,-0.232370
1.244000,7.101087,-0.913794,-1.968815,29,71,29,82,-0.000057,0.000016,-0.871529
1.254000,7.100843,-0.916392,-1.970673,28,72,30,82,-0.000063,0.000008,1.685106
1.264000,7.100676,-0.917152,-1.971595,28,72,30,82,-0.000072,0.000004,-0.232370
1.274000,7.100955,-0.917566,-1.970236,27,72,29,82,-0.000065,0.000000,-1.255024
1.284000,7.100806,-0.918246,-1.968247,28,71,30,82,-0.000055,0.000036,-0.232370
1.294000,7.100627,-0.918447,-1.969850,28,71,30,82,0.000048,0.000005,0.023293
1.304000,7.100961,-0.918644,-1.968703,28,72,30,81,0.000096,0.000035,0.406788
1.314000,7.100983,-0.918235,-1.967818,28,71,30,82,0.000015,0.000043,0.790284
1.325000,7.100945,-0.918101,-1.967513,27,71,29,82,-0.000020,0.000019,1.301611
1.335000,7.101149,-0.917697,-1.964838,27,71,30,81,0.000017,0.000008,0.023293
1.345000,7.101178,-0.918329,-1.961986,28,71,30,82,-0.000049,0.000021,-0.615865
1.355000,7.100997,-0.918171,-1.961456,27,72,30,82,0.000071,0.000020,-0.232370
1.365000,7.101132,-0.917796,-1.960297,27,72,30,82,0.000116,0.000004,0.406788
1.375000,7.101233,-0.918111,-1.960133,27,71,30,82,0.000050,0.000023,-0.360202
1.386000,7.101263,-0.918882,-1.958730,27,72,30,82,-0.000018,0.000014,0.534620
1.396000,7.101119,-0.917257,-1.957870,27,72,29,82,-0.000038,0.000031,-1.766351
1.406000,7.101215,-0.917475,-1.957259,28,71,30,82,-0.000021,0.000058,0.662452
1.416000,7.101470,-0.917603,-1.955949,27,71,31,83,0.000015,0.000011,-0.104538
1.426000,7.101186,-0.917589,-1.955984,27,72,30,82,0.000070,0.000005,-2.277678
1.436000,7.101098,-0.916747,-1.957023,27,72,30,81,0.000048,0.000031,-1.638519
1.446000,7.101104,-0.916889,-1.957240,26,72,30,82,0.000062,0.000032,0.662452
1.456000,7.101067,-0.916320,-1.958558,28,72,30,81,-0.000023,0.000020,2.068601
1.467000,7.101393,-0.916838,-1.957862,27,72,29,81,-0.000033,0.000004,0.918115
1.477000,7.100933,-0.919555,-1.959475,28,71,29,82,-0.000074,-0.000027,2.452096
1.487000,7.101081,-0.919350,-1.960876,28,71,30,82,-0.000011,-0.000031,0.023293
1.497000,7.100961,-0.918912,-1.961594,28,72,30,82,-0.000004,-0.000026,0.918115
1.507000,7.100668,-0.918277,-1.962784,28,72,30,81,0.000001,0.000032,-0.743697
1.517000,7.101333,-0.917080,-1.962649,27,72,30,81,-0.000010,0.000013,-0.488034
1.527000,7.101040,-0.917611,-1.963992,27,72,30,82,-0.000068,-0.000025,-0.743697
1.537000,7.100858,-0.917448,-1.964324,28,72,30,82,-0.000024,-0.000033,-0.743697
1.547000,7.101038,-0.918884,-1.965283,28,72,29,82,-0.000021,-0.000020,0.534620
1.558000,7.101095,-0.917151,-1.964770,27,71,30,82,-0.000053,-0.000002,-0.104538
1.568000,7.101100,-0.916537,-1.962545,28,72,29,82,-0.000073,0.000014,0.278957
1.578000,7.101105,-0.917117,-1.961053,28,71,29,82,-0.000080,0.000028,-0.360202
1.588000,7.101226,-0.916847,-1.960747,28,72,30,82,0.000025,0.000016,0.534620
1.598000,7.101002,-0.918064,-1.961858,27,72,29,81,0.000048,0.000008,-0.871529
1.608000,7.101192,-0.918702,-1.960211,28,71,30,82,0.000003,0.000010,0.406788
1.618000,7.101230,-0.917291,-1.960740,27,71,30,81,-0.000056,0.000036,-1.382856
1.629000,7.101096,-0.916801,-1.960924,27,72,30,82,-0.000061,0.000032,-2.022014
1.639000,7.101009,-0.915362,-1.963217,28,71,30,82,-0.000013,-0.000008,-0.999360
1.649000,7.101163,-0.917018,-1.963013,27,72,29,81,0.000015,0.000001,-0.104538
1.659000,7.101039,-0.917281,-1.961203,28,72,30,81,-0.000089,-0.000039,-1.766351
1.669000,7.101287,-0.917011,-1.961018,27,71,30,81,-0.000032,0.000023,0.534620
1.679000,7.100929,-0.918179,-1.962623,28,72,30,82,0.000043,0.000007,-0.232370
1.689000,7.101110,-0.917644,-1.962996,27,71,30,81,0.000139,-0.000010,-0.999360
1.700000,7.101166,-0.918189,-1.961552,27,71,30,82,0.000019,0.000012,0.151125
1.710000,7.101203,-0.918113,-1.960359,27,72,29,82,0.000012,0.000001,0.023293
1.720000,7.101108,-0.917524,-1.960140,28,72,30,82,0.000018,0.000030,-0.743697
1.730000,7.101199,-0.915590,-1.961028,27,72,30,82,0.000042,0.000042,0.534620
1.740000,7.101121,-0.916624,-1.960693,27,71,29,82,-0.000011,0.000003,-0.104538
1.750000,7.101098,-0.916327,-1.961853,28,71,29,81,-0.000093,-0.000002,-0.360202
1.760000,7.100996,-0.916788,-1.963027,28,72,30,82,-0.000095,-0.000004,1.301611
1.771000,7.100908,-0.915313,-1.964185,27,72,30,82,-0.000071,0.000002,-1.638519
1.780000,7.100914,-0.915034,-1.965200,27,72,30,82,-0.000078,0.000017,-2.661173
1.791000,7.100849,-0.915408,-1.966605,27,71,29,81,-0.000088,-0.000001,-0.232370
1.801000,7.100912,-0.916804,-1.965986,28,72,29,81,-0.000116,-0.000019,2.196433
1.811000,7.100863,-0.916713,-1.967752,27,71,29,81,-0.000092,-0.000030,-0.871529
1.821000,7.100980,-0.917262,-1.968059,28,71,30,81,-0.000056,-0.000020,-0.488034
1.831000,7.100974,-0.918490,-1.966438,27,71,29,82,-0.000003,-0.000004,0.662452
1.841000,7.100995,-0.916157,-1.967556,28,72,29,82,-0.000107,0.000016,2.452096
1.851000,7.100847,-0.916001,-1.967258,27,72,30,82,-0.000083,0.000037,-3.300331
1.862000,7.100764,-0.914242,-1.965760,28,71,30,82,-0.000151,0.000007,-0.104538
1.872000,7.100736,-0.914183,-1.964379,28,71,29,82,-0.000135,-0.000026,-0.871529
1.882000,7.100794,-0.912858,-1.966108,27,72,29,82,-0.000007,-0.000013,0.406788
1.892000,7.100847,-0.914002,-1.965596,27,72,30,82,0.000073,-0.000025,0.023293
1.902000,7.100989,-0.913200,-1.964754,28,72,30,81,0.000000,-0.000020,-1.766351
1.912000,7.101050,-0.911847,-1.964358,28,72,30,81,0.000006,0.000016,1.685106
1.922000,7.100893,-0.911373,-1.966272,27,72,30,81,0.000048,-0.000024,0.023293
1.932000,7.101203,-0.910263,-1.964569,28,72,30,82,0.000088,-0.000035,0.278957
1.943000,7.101183,-0.912357,-1.962252,28,72,30,81,0.000025,-0.000038,1.685106
1.953000,7.101016,-0.915026,-1.960627,27,71,30,82,0.000043,-0.000025,0.278957
1.963000,7.101002,-0.913516,-1.961196,28,72,30,82,0.000095,0.000032,-1.638519
1.973000,7.101247,-0.913701,-1.960149,27,72,30,82,0.000060,0.000064,-1.255024
1.983000,7.101026,-0.913860,-1.959208,27,71,30,81,0.000022,0.000043,0.278957
1.993000,7.101039,-0.915276,-1.960417,28,72,30,81,0.000032,0.000034,0.023293
2.003000,7.101215,-0.916553,-1.959673,28,72,29,82,0.000063,0.000017,0.406788
2.014000,7.101181,-0.915855,-1.959903,27,71,29,82,0.000039,0.000061,2.068601
2.024000,7.101140,-0.916551,-1.960125,27,71,30,82,0.000079,0.000058,-0.232370
2.034000,7.101154,-0.915708,-1.958364,27,72,30,82,0.000069,0.000013,0.790284
2.044000,7.101163,-0.914820,-1.955760,28,72,30,81,0.000007,0.000029,-0.488034
2.054000,7.101230,-0.915345,-1.955366,27,72,30,82,0.000029,0.000014,1.045947
2.064000,7.101335,-0.914431,-1.955167,27,71,30,82,0.000084,-0.000011,2.835591
2.074000,7.101255,-0.915066,-1.954528,28,71,30,82,0.000068,-0.000016,-3.811659
2.084000,7.101213,-0.917002,-1.955377,27,72,30,82,0.000046,-0.000018,-1.510687
2.095000,7.101205,-0.916292,-1.954121,28,72,29,82,0.000050,-0.000002,0.023293
2.105000,7.101259,-0.915713,-1.953548,28,71,30,82,-0.000022,0.000062,-2.149846
2.115000,7.101528,-0.915582,-1.952532,28,71,30,82,0.000040,0.000025,1.173779
2.125000,7.101365,-0.915941,-1.951829,27,71,30,82,0.000024,0.000018,-0.871529
2.135000,7.101200,-0.914861,-1.953531,28,72,30,82,0.000082,-0.000018,-1.127192
2.145000,7.101271,-0.914642,-1.952983,27,71,30,82,0.000103,-0.000003,0.278957
2.155000,7.101385,-0.913068,-1.953180,28,71,29,82,0.000015,0.000020,1.173779
2.166000,7.101226,-0.915467,-1.953264,28,72,29,81,-0.000021,-0.000025,-0.360202
2.176000,7.101431,-0.916941,-1.952705,28,72,30,81,-0.000014,-0.000020,0.534620
2.186000,7.101422,-0.918972,-1.953366,27,72,29,82,-0.000025,-0.000001,1.557274
2.196000,7.101406,-0.920435,-1.952446,28,72,29,82,-0.000001,0.000011,0.918115
2.206000,7.101398,-0.918581,-1.953095,27,71,29,81,-0.000019,0.000074,0.662452
2.216000,7.101254,-0.918893,-1.952565,28,71,30,82,0.000016,0.000068,-1.127192
2.226000,7.101452,-0.915661,-1.951717,27,71,29,82,-0.000006,0.000025,0.023293
2.236000,7.101480,-0.915828,-1.951015,27,73,30,82,0.000030,0.000009,1.045947
2.247000,7.101467,-0.916387,-1.951688,27,72,30,82,0.000003,-0.000036,-0.104538
2.257000,7.101478,-0.917667,-1.951530,28,72,29,82,0.000027,-0.000030,-0.360202
2.267000,7.101496,-0.918042,-1.949411,27,72,29,82,0.000016,-0.000017,-1.894183
2.277000,7.101213,-0.918059,-1.947957,27,71,29,82,-0.000002,-0.000011,-0.360202
2.287000,7.101599,-0.918450,-1.946580,27,72,30,82,0.000069,0.000013,-0.104538
2.297000,7.101407,-0.917975,-1.945435,28,72,30,82,0.000175,0.000028,-0.743697
2.307000,7.101448,-0.920622,-1.945894,28,72,29,82,0.000162,0.000034,-0.232370
2.318000,7.101482,-0.920632,-1.946234,27,72,29,82,0.000116,0.000019,-1.510687
2.328000,7.101469,-0.920705,-1.946618,27,71,31,81,0.000078,0.000045,2.068601
2.338000,7.101457,-0.921475,-1.946381,27,71,30,82,0.000043,0.000024,0.406788
2.348000,7.101521,-0.923380,-1.944799,27,71,30,82,0.000055,0.000019,-0.360202
2.358000,7.101543,-0.923074,-1.944580,28,72,30,82,0.000000,0.000012,0.662452
2.368000,7.101504,-0.922254,-1.943093,27,72,29,81,0.000012,0.000056,-0.488034
2.378000,7.101761,-0.923236,-1.941555,28,72,30,81,0.000020,0.000059,-3.044668
2.388000,7.101360,-0.921440,-1.941728,28,71,30,82,0.000048,0.000049,0.534620
2.399000,7.101583,-0.922064,-1.943427,27,72,29,81,0.000102,0.000028,1.557274
2.409000,7.101777,-0.923651,-1.944126,27,72,30,82,0.000086,0.000031,2.068601
2.419000,7.101501,-0.921945,-1.946473,28,71,30,82,0.000009,0.000015,2.579928
2.429000,7.101650,-0.922762,-1.945847,27,72,30,82,-0.000052,-0.000008,0.918115
2.439000,7.101320,-0.921362,-1.944863,28,71,30,82,-0.000091,-0.000009,-1.255024
2.449000,7.101513,-0.922615,-1.943980,27,72,30,82,-0.000063,0.000007,-0.871529
2.459000,7.101563,-0.922098,-1.943615,28,71,29,82,-0.000050,-0.000013,0.278957
2.469000,7.101659,-0.922952,-1.945169,27,72,29,82,0.000031,0.000004,1.173779
2.480000,7.101551,-0.924586,-1.945408,27,72,29,82,0.000045,0.000008,-1.382856
2.490000,7.101426,-0.922205,-1.946812,28,72,29,81,0.000010,0.000033,0.406788
2.500000,7.101335,-0.923654,-1.945086,28,71,30,81,-0.000016,0.000028,2.068601
2.510000,7.101570,-0.923353,-1.943538,27,72,30,82,-0.000058,-0.000029,2.196433
2.520000,7.101618,-0.923538,-1.943353,27,72,30,82,-0.000013,0.000017,0.790284
2.530000,7.101597,-0.924247,-1.943529,27,72,30,82,0.000046,0.000031,0.151125
2.540000,7.101566,-0.925352,-1.943416,28,72,30,82,0.000045,0.000005,-0.104538
2.550000,7.101394,-0.923601,-1.945677,28,71,30,82,-0.000051,0.000010,0.918115
2.560000,7.101532,-0.925029,-1.946383,27,71,30,81,-0.000042,0.000018,0.790284
2.571000,7.101479,-0.925995,-1.947887,27,71,29,81,-0.000031,0.000011,-1.382856
2.581000,7.101394,-0.926029,-1.946900,28,71,30,82,-0.000034,0.000024,-0.615865
2.591000,7.101789,-0.925660,-1.947504,28,71,29,82,-0.000103,0.000000,-0.999360
2.601000,7.101431,-0.924603,-1.946538,27,71,30,82,-0.000090,0.000017,-1.127192
2.611000,7.101406,-0.927185,-1.947673,28,72,29,82,-0.000060,0.000028,-0.871529
2.621000,7.101523,-0.927919,-1.948327,27,72,29,81,-0.000047,0.000030,0.534620
2.631000,7.101534,-0.929396,-1.948813,28,71,30,82,-0.000006,0.000062,-0.488034
2.641000,7.101341,-0.927519,-1.951257,28,72,29,82,-0.000085,0.000081,-0.104538
2.652000,7.101397,-0.927554,-1.950091,27,71,30,82,-0.000038,0.000051,0.662452
2.662000,7.101266,-0.926500,-1.950872,28,72,30,82,-0.000121,0.000012,-0.871529
2.672000,7.101358,-0.926100,-1.950764,27,72,30,82,-0.000087,0.000002,0.918115
2.682000,7.101359,-0.927564,-1.951074,27,72,30,82,-0.000085,-0.000002,0.406788
2.692000,7.101300,-0.928923,-1.950713,28,72,29,82,-0.000045,-0.000017,-0.360202
2.702000,7.101110,-0.924553,-1.949944,28,72,30,82,-0.000027,0.000013,0.918115
2.712000,7.101435,-0.924107,-1.949763,28,71,30,82,-0.000009,0.000025,-0.488034
2.723000,7.101424,-0.923053,-1.950804,28,72,29,81,0.000039,-0.000041,0.151125
2.733000,7.101499,-0.922683,-1.950413,27,71,29,81,0.000006,-0.000067,0.662452
2.743000,7.101288,-0.923799,-1.950585,27,71,29,81,-0.000090,-0.000034,-0.104538
2.753000,7.101171,-0.922370,-1.951809,27,72,29,82,-0.000032,-0.000006,1.557274
2.763000,7.101415,-0.920526,-1.949945,27,71,30,81,-0.000018,-0.000003,-2.277678
2.773000,7.101370,-0.920925,-1.948656,27,71,29,82,-0.000023,-0.000011,0.406788
2.783000,7.101300,-0.920425,-1.947767,27,71,30,82,-0.000009,-0.000027,2.324264
2.793000,7.101378,-0.921416,-1.947549,28,71,30,82,0.000071,-0.000037,-0.999360
2.804000,7.101317,-0.921893,-1.947221,28,71,30,81,0.000096,-0.000008,-1.766351
2.814000,7.101387,-0.920864,-1.947826,27,71,30,82,0.000054,-0.000029,1.429442
2.824000,7.101406,-0.922684,-1.946331,27,72,30,82,0.000092,-0.000002,0.406788
2.834000,7.101634,-0.923283,-1.945580,27,72,30,81,0.000055,-0.000005,-0.871529
2.844000,7.101475,-0.922696,-1.943731,28,72,29,82,0.000041,0.000009,-1.510687
2.854000,7.101369,-0.925146,-1.942766,27,71,29,82,0.000058,0.000055,1.812938
2.865000,7.101361,-0.924412,-1.945549,28,72,30,82,0.000076,0.000026,1.429442
2.875000,7.101544,-0.924173,-1.948743,28,71,30,82,0.000111,0.000049,1.173779
2.885000,7.101523,-0.925681,-1.947962,27,71,29,81,-0.000008,0.000050,1.173779
2.895000,7.101300,-0.923464,-1.947777,28,72,29,82,-0.000095,0.000006,0.151125
2.905000,7.101560,-0.925852,-1.949117,27,71,30,82,-0.000146,0.000013,-1.382856
2.915000,7.101513,-0.925772,-1.949283,27,72,31,82,-0.000100,-0.000008,0.662452
2.925000,7.101342,-0.926072,-1.950539,28,71,30,82,-0.000139,0.000006,0.023293
2.935000,7.101438,-0.926462,-1.952040,28,72,30,81,-0.000048,0.000037,1.173779
2.946000,7.101274,-0.925831,-1.953379,27,71,30,82,-0.000078,0.000034,0.278957
2.956000,7.101377,-0.925129,-1.952636,28,72,30,82,-0.000083,0.000026,-0.360202
2.966000,7.101309,-0.926938,-1.950932,28,71,29,82,-0.000105,0.000005,0.790284
2.976000,7.101335,-0.927399,-1.949487,28,71,30,82,-0.000110,0.000004,0.662452
2.986000,7.101534,-0.927831,-1.950403,27,72,30,82,-0.000039,0.000020,-0.360202
2.996000,7.101375,-0.929450,-1.949809,28,72,30,82,0.000085,0.000032,1.557274
3.006000,7.101275,-0.928128,-1.950123,27,72,29,81,0.000070,0.000027,-1.894183
3.017000,7.101496,-0.926840,-1.947545,28,71,30,82,0.000053,0.000044,-0.743697
3.027000,7.101524,-0.927008,-1.947985,28,71,29,82,0.000094,0.000003,0.023293
3.037000,7.101395,-0.926717,-1.948208,27,72,30,82,0.000050,0.000007,-0.999360
3.047000,7.101266,-0.924067,-1.948471,27,72,30,82,0.000030,-0.000001,-0.232370
3.057000,7.101171,-0.927084,-1.948945,27,71,30,82,0.000038,-0.000004,2.324264
3.067000,7.101327,-0.924460,-1.949028,27,72,30,82,0.000024,-0.000030,-0.360202
3.077000,7.101475,-0.926415,-1.946340,27,72,30,82,0.000018,-0.000004,1.429442
3.087000,7.101363,-0.925930,-1.945348,28,72,29,81,0.000003,-0.000013,-0.999360
3.097000,7.101497,-0.928185,-1.945413,27,71,29,82,0.000078,-0.000001,-1.510687
3.108000,7.101263,-0.927597,-1.949004,27,71,30,82,0.000142,0.000018,-0.743697
3.118000,7.101379,-0.926555,-1.948414,27,71,30,82,0.000044,0.000036,2.579928
3.128000,7.101353,-0.924020,-1.948624,28,72,30,81,-0.000074,0.000029,-0.104538
3.138000,7.101419,-0.922652,-1.947588,28,72,29,82,-0.000123,-0.000006,0.662452
3.148000,7.101419,-0.921983,-1.947838,28,72,29,82,-0.000089,-0.000039,0.151125
3.158000,7.101425,-0.922276,-1.946627,28,71,30,82,-0.000054,-0.000061,-0.104538
3.168000,7.101237,-0.920529,-1.947551,28,72,29,81,0.000010,-0.000055,0.406788
3.179000,7.101400,-0.922225,-1.946506,28,72,29,82,0.000112,-0.000022,-0.360202
3.189000,7.101293,-0.921175,-1.945052,27,71,30,81,-0.000013,-0.000058,-1.510687
3.199000,7.101357,-0.919905,-1.945545,27,71,30,82,-0.000002,-0.000039,0.918115
3.209000,7.101524,-0.922355,-1.945396,27,71,30,81,0.000016,-0.000008,-1.382856
3.219000,7.101501,-0.919978,-1.946520,27,72,30,81,0.000016,0.000000,0.406788
3.229000,7.101439,-0.920921,-1.944689,28,72,30,81,0.000055,0.000051,-1.766351
3.239000,7.101438,-0.922119,-1.942906,27,72,30,82,0.000028,0.000008,2.452096
3.249000,7.101549,-0.923544,-1.942284,27,72,29,82,0.000032,0.000003,-0.360202
3.260000,7.101438,-0.925069,-1.942771,27,72,29,81,0.000129,0.000003,0.151125
3.270000,7.101563,-0.926157,-1.942706,28,71,30,81,0.000114,0.000031,0.151125
3.280000,7.101663,-0.928262,-1.940421,28,72,29,82,0.000057,0.000080,0.790284
3.290000,7.101406,-0.928959,-1.939906,27,72,29,81,0.000041,0.000050,0.023293
3.300000,7.101595,-0.930322,-1.939983,28,72,30,82,0.000119,0.000063,-0.232370
3.310000,7.101569,-0.930684,-1.940302,27,71,30,82,0.000137,0.000061,-0.360202
3.320000,7.101599,-0.930679,-1.940913,27,72,30,82,0.000062,0.000045,0.406788
3.330000,7.101472,-0.929883,-1.941285,27,72,30,82,0.000020,0.000033,0.023293
3.341000,7.101544,-0.928856,-1.943455,27,72,30,82,-0.000023,0.000027,0.662452
3.351000,7.101448,-0.928600,-1.944398,28,72,29,81,-0.000022,0.000018,-0.871529
3.361000,7.101448,-0.929225,-1.944426,28,71,29,82,-0.000098,0.000010,0.790284
3.371000,7.101520,-0.928707,-1.943087,28,71,30,81,-0.000092,-0.000030,1.685106
3.381000,7.101482,-0.927116,-1.943081,28,71,30,82,-0.000124,-0.000028,1.173779
3.391000,7.101549,-0.929070,-1.942793,27,71,29,82,-0.000053,-0.000002,0.918115
3.401000,7.101400,-0.926297,-1.943637,27,72,30,82,0.000068,-0.000024,0.790284
3.412000,7.101646,-0.927137,-1.943400,28,72,30,81,0.000014,-0.000008,0.278957
3.422000,7.101457,-0.926823,-1.943143,27,72,30,82,0.000002,-0.000038,-0.999360
3.432000,7.101604,-0.928785,-1.943583,27,71,29,82,-0.000035,-0.000027,0.151125
3.442000,7.101706,-0.930953,-1.943447,27,71,29,82,-0.000011,0.000000,1.812938
3.452000,7.101223,-0.930772,-1.943386,27,72,30,81,0.000038,0.000033,2.324264
3.462000,7.101536,-0.929507,-1.945124,27,71,30,81,0.000013,0.000053,-0.871529
3.472000,7.101545,-0.929620,-1.945516,27,72,30,82,-0.000010,0.000046,-0.615865
3.482000,7.101463,-0.928183,-1.943907,28,72,30,82,-0.000078,-0.000009,1.301611
3.493000,7.101373,-0.929125,-1.945062,27,72,30,82,-0.000068,-0.000015,2.324264
3.503000,7.101382,-0.927412,-1.944192,27,72,30,81,-0.000015,-0.000028,-1.510687
3.513000,7.101371,-0.930242,-1.944905,27,72,30,81,-0.000041,0.000046,0.790284
3.523000,7.101300,-0.930354,-1.945754,27,72,30,82,-0.000016,-0.000006,0.406788
3.533000,7.101379,-0.928528,-1.944382,27,72,30,82,-0.000005,0.000006,1.557274
3.543000,7.101457,-0.929610,-1.943707,28,71,30,82,0.000028,0.000025,3.091255
3.553000,7.101603,-0.931349,-1.943397,27,71,30,81,0.000008,0.000027,1.173779
3.564000,7.101424,-0.931585,-1.942567,27,71,29,81,0.000041,-0.000000,-0.360202
3.574000,7.101592,-0.931270,-1.942893,28,71,29,82,0.000064,0.000031,-2.916836
3.584000,7.101474,-0.931760,-1.942851,27,72,29,81,0.000101,0.000055,1.045947
3.594000,7.101411,-0.930261,-1.942479,27,72,30,82,0.000043,0.000027,-0.232370
3.604000,7.101532,-0.929259,-1.941133,27,71,30,82,-0.000025,-0.000006,2.068601
3.614000,7.101572,-0.930297,-1.942787,28,71,30,81,-0.000012,-0.000022,-0.615865
3.624000,7.101445,-0.928925,-1.944175,27,72,30,82,0.000064,-0.000026,1.812938
3.635000,7.101306,-0.929029,-1.944583,27,72,30,81,-0.000053,-0.000026,-0.743697
3.645000,7.101549,-0.928997,-1.945123,27,72,30,82,-0.000070,-0.000020,0.662452
3.655000,7.101354,-0.927650,-1.944297,27,72,30,81,-0.000090,-0.000027,1.685106
3.665000,7.101624,-0.929447,-1.944737,27,72,30,82,-0.000126,0.000015,2.835591
3.675000,7.101439,-0.928306,-1.945826,27,72,30,82,-0.000037,-0.000011,-0.743697
3.685000,7.101225,-0.927340,-1.946676,28,72,30,81,-0.000026,0.000014,0.662452
3.695000,7.101422,-0.924576,-1.946634,27,71,30,82,-0.000031,-0.000000,-0.360202
3.706000,7.101353,-0.925903,-1.945502,27,71,29,82,-0.000104,-0.000017,0.406788
3.716000,7.101392,-0.927107,-1.945215,27,71,30,82,-0.000084,-0.000036,-0.104538
3.726000,7.101302,-0.925483,-1.945653,27,71,30,81,0.000016,-0.000013,0.790284
3.736000,7.101489,-0.923677,-1.947015,27,72,30,82,0.000044,0.000020,1.685106
3.746000,7.101296,-0.924484,-1.946927,27,71,30,82,-0.000037,0.000006,-1.382856
3.756000,7.101509,-0.924746,-1.947139,27,71,29,82,-0.000066,-0.000031,-0.743697
3.766000,7.101081,-0.922190,-1.947677,27,71,30,82,-0.000054,-0.000033,-0.232370
3.776000,7.101185,-0.922995,-1.946702,28,71,30,82,-0.000028,0.000002,0.406788
3.787000,7.101387,-0.921257,-1.945613,28,72,30,81,-0.000027,-0.000016,-0.743697
3.797000,7.101289,-0.921214,-1.946319,27,72,30,81,-0.000054,-0.000005,-1.382856
3.807000,7.101450,-0.923250,-1.948009,28,71,31,82,0.000019,-0.000017,0.023293
3.817000,7.101296,-0.922616,-1.948662,28,71,29,82,0.000004,-0.000027,-1.127192
3.827000,7.101300,-0.921474,-1.948819,27,71,30,81,-0.000049,0.000013,1.557274
3.837000,7.101242,-0.920580,-1.950581,28,71,29,82,-0.000050,0.000016,0.790284
3.847000,7.101098,-0.921314,-1.950835,28,71,30,82,-0.000061,0.000002,0.406788
3.858000,7.101257,-0.920883,-1.950522,27,71,30,81,-0.000091,-0.000018,-1.894183
3.868000,7.101345,-0.920966,-1.949868,28,71,30,82,-0.000066,0.000003,0.790284
3.878000,7.101402,-0.919221,-1.949034,28,71,30,82,-0.000028,-0.000002,0.534620
3.888000,7.101051,-0.922805,-1.948000,28,72,30,82,0.000012,0.000003,1.045947
3.898000,7.101353,-0.924140,-1.948132,28,72,30,82,0.000048,0.000026,-1.127192
3.908000,7.101181,-0.924536,-1.947648,27,72,30,81,0.000099,0.000036,-1.382856
3.918000,7.101123,-0.923072,-1.947781,27,72,30,82,0.000114,0.000051,1.045947
3.928000,7.101222,-0.922539,-1.949053,27,72,29,82,0.000099,0.000040,-0.104538
3.939000,7.101292,-0.921002,-1.948056,28,72,29,81,0.000030,0.000020,-1.510687
3.949000,7.101257,-0.922164,-1.949178,27,71,30,81,0.000003,-0.000011,0.918115
3.959000,7.101248,-0.921625,-1.949665,28,71,30,81,0.000006,-0.000035,-0.104538
3.969000,7.101530,-0.923801,-1.949728,27,71,29,82,-0.000019,-0.000033,0.918115
3.979000,7.101378,-0.923712,-1.947488,27,71,30,82,-0.000001,-0.000015,-0.232370
3.989000,7.101274,-0.924873,-1.946685,28,71,30,82,-0.000075,0.000011,0.534620
3.999000,7.101386,-0.924709,-1.946759,27,71,30,81,0.000048,0.000049,1.045947
4.009000,7.101251,-0.924817,-1.947411,27,71,30,82,0.000112,0.000060,0.278957
4.019000,7.101353,-0.924332,-1.945898,27,72,30,82,0.000051,0.000023,-0.488034
4.029000,7.101422,-0.925775,-1.947149,28,72,30,81,0.000023,0.000006,0.918115
4.040000,7.101227,-0.924499,-1.948031,28,72,30,81,0.000116,-0.000001,0.918115
4.050000,7.101385,-0.925943,-1.946215,28,71,30,82,0.000006,0.000019,-0.232370
4.060000,7.101220,-0.926451,-1.947341,27,71,30,82,-0.000046,0.000025,-0.488034
4.070000,7.101377,-0.925768,-1.946585,27,72,30,82,0.000025,0.000004,-0.743697
4.080000,7.101375,-0.927986,-1.945765,27,71,30,82,0.000003,0.000043,-0.488034
4.090000,7.101306,-0.926652,-1.946232,27,72,30,82,-0.000025,0.000020,0.023293
4.100000,7.101579,-0.924892,-1.946128,28,72,30,82,-0.000010,0.000054,0.406788
4.110000,7.101426,-0.926088,-1.946032,27,71,30,82,-0.000011,0.000016,-0.871529
4.120000,7.101349,-0.924954,-1.946112,27,72,30,82,-0.000001,-0.000025,-0.871529
4.131000,7.101439,-0.925624,-1.946241,27,72,30,82,0.000018,-0.000015,-0.743697
4.141000,7.101481,-0.926286,-1.946508,28,72,29,82,0.000041,-0.000015,-0.615865
4.151000,7.101445,-0.927830,-1.946650,27,72,30,81,-0.000015,0.000029,-0.360202
4.161000,7.101303,-0.926530,-1.947236,27,72,29,81,-0.000037,0.000019,-0.743697
4.171000,7.101367,-0.928163,-1.947957,28,72,30,82,-0.000042,0.000020,0.534620
4.181000,7.101403,-0.929507,-1.946840,27,72,30,81,-0.000043,0.000051,0.023293
4.191000,7.101225,-0.928467,-1.949118,28,71,30,81,-0.000024,0.000041,0.534620
4.202000,7.101159,-0.925782,-1.948708,28,71,30,81,0.000005,0.000047,-0.232370
4.212000,7.101394,-0.926113,-1.948452,27,71,30,81,-0.000045,0.000005,-0.871529
4.222000,7.101226,-0.926514,-1.948129,28,71,29,82,-0.000031,-0.000039,-1.255024
4.232000,7.101284,-0.926638,-1.947308,27,71,30,81,-0.000008,-0.000002,1.301611
4.242000,7.101372,-0.927642,-1.949416,27,72,30,81,-0.000000,0.000014,-0.232370
4.252000,7.101226,-0.927650,-1.947864,28,71,29,82,-0.000003,0.000020,0.918115
4.262000,7.101309,-0.928694,-1.949083,28,72,30,82,-0.000029,0.000005,0.278957
4.273000,7.101454,-0.931635,-1.948000,28,71,30,81,0.000047,0.000003,1.685106
4.283000,7.101180,-0.932361,-1.950264,28,71,30,82,-0.000037,0.000031,-0.360202
4.293000,7.101353,-0.930455,-1.949588,28,71,30,82,-0.000036,0.000061,0.278957
4.303000,7.101339,-0.930028,-1.950041,28,71,30,82,-0.000018,0.000068,-1.127192
4.313000,7.101312,-0.930144,-1.951086,28,71,29,82,-0.000054,0.000020,0.151125
4.324000,7.101292,-0.927107,-1.950688,28,72,30,82,-0.000033,-0.000006,1.557274
4.333000,7.101369,-0.927403,-1.950532,28,71,30,81,-0.000075,-0.000009,1.045947
4.344000,7.101250,-0.927957,-1.950478,27,72,30,82,-0.000020,-0.000033,-0.871529
4.354000,7.101175,-0.924668,-1.949819,27,72,30,82,0.000001,-0.000037,-0.488034
4.364000,7.101393,-0.924332,-1.948142,27,72,29,81,0.000012,-0.000005,-0.360202
4.374000,7.101163,-0.924284,-1.948066,28,71,30,82,-0.000006,-0.000027,1.685106
4.384000,7.101301,-0.925633,-1.947795,28,71,30,82,0.000122,-0.000077,2.963423
4.394000,7.101394,-0.924611,-1.947920,27,72,30,81,0.000062,-0.000027,0.534620
4.404000,7.101427,-0.923593,-1.949417,28,72,30,82,0.000005,0.000029,1.940769
4.414000,7.101214,-0.921801,-1.950476,27,71,30,82,0.000018,-0.000006,-0.615865
4.424000,7.101190,-0.920513,-1.950456,27,71,30,82,-0.000036,-0.000040,0.151125
4.435000,7.101489,-0.921847,-1.952319,27,71,30,82,-0.000124,-0.000066,-1.382856
4.445000,7.101187,-0.922393,-1.950607,28,72,30,81,-0.000052,-0.000064,2.196433
4.455000,7.101227,-0.922402,-1.950148,27,71,30,81,-0.000095,-0.000000,-0.104538
4.465000,7.101159,-0.920619,-1.949642,27,72,30,83,-0.000006,0.000028,0.406788
4.475000,7.101401,-0.924270,-1.949700,27,72,30,82,0.000055,0.000023,2.452096
4.485000,7.101136,-0.925487,-1.949632,27,71,29,82,0.000036,-0.000016,-0.871529
4.496000,7.101154,-0.923665,-1.948858,28,71,29,82,0.000008,0.000017,-0.488034
4.506000,7.101181,-0.925184,-1.946130,27,71,30,82,0.000060,0.000044,1.045947
4.516000,7.101140,-0.926740,-1.947425,28,71,30,82,0.000071,0.000023,0.406788
4.526000,7.101367,-0.924697,-1.947882,27,72,29,82,0.000092,0.000022,-2.533341
4.536000,7.101153,-0.925385,-1.948072,28,72,30,82,0.000070,0.000053,2.707760
4.546000,7.101067,-0.927160,-1.947161,27,71,30,82,0.000013,0.000006,-0.104538
4.556000,7.101429,-0.925295,-1.947966,27,71,30,82,0.000026,0.000025,0.662452
4.567000,7.101194,-0.925231,-1.947582,27,72,31,82,-0.000015,0.000037,1.685106
4.577000,7.101220,-0.926161,-1.946284,27,72,30,81,-0.000007,0.000005,-1.255024
4.587000,7.101299,-0.924866,-1.945471,28,71,30,81,-0.000001,-0.000033,1.557274
4.597000,7.101337,-0.922706,-1.945814,27,71,30,82,0.000046,-0.000007,-0.104538
4.607000,7.101033,-0.923788,-1.946930,28,72,30,82,0.000072,-0.000001,-0.360202
4.617000,7.101301,-0.924968,-1.945320,27,72,30,82,0.000045,-0.000017,0.918115
4.628000,7.101412,-0.923268,-1.944839,27,71,30,81,-0.000067,-0.000008,0.918115
4.638000,7.101510,-0.921356,-1.945451,28,71,30,82,0.000036,0.000001,-1.894183
4.648000,7.101409,-0.922369,-1.944028,28,71,30,82,0.000025,-0.000022,-0.743697
4.658000,7.101310,-0.923465,-1.943012,28,72,30,82,0.000029,-0.000042,1.557274
4.668000,7.101431,-0.923541,-1.942620,28,72,30,82,0.000105,-0.000015,-1.127192
4.678000,7.101573,-0.926180,-1.942706,27,72,29,82,0.000158,-0.000005,0.151125
4.688000,7.101283,-0.922987,-1.942234,28,71,30,82,0.000096,0.000026,-0.360202
4.698000,7.101405,-0.921737,-1.941094,27,71,30,82,0.000014,0.000068,1.045947
4.708000,7.101382,-0.921918,-1.940576,27,71,30,81,-0.000010,0.000012,-2.149846
4.719000,7.101480,-0.922591,-1.941466,27,72,29,82,-0.000030,-0.000012,0.534620
4.729000,7.101315,-0.923520,-1.941489,28,71,29,82,-0.000008,-0.000033,-2.533341
4.739000,7.101461,-0.924589,-1.940665,28,71,29,81,0.000026,0.000015,-0.232370
4.749000,7.101575,-0.923948,-1.941366,28,72,30,82,0.000023,0.000039,0.918115
4.759000,7.101533,-0.924128,-1.941731,28,72,30,81,0.000049,0.000047,-0.232370
4.769000,7.101562,-0.927634,-1.940327,28,72,30,82,0.000059,0.000040,0.406788
4.779000,7.101610,-0.928350,-1.939724,27,72,30,81,-0.000001,0.000013,2.068601
4.789000,7.101373,-0.928706,-1.940060,28,71,30,81,-0.000047,0.000038,-1.382856
4.799000,7.101515,-0.930144,-1.939429,28,71,30,81,-0.000018,0.000074,1.685106
4.810000,7.101449,-0.929795,-1.941125,28,72,29,81,-0.000003,0.000074,0.662452
4.820000,7.101335,-0.929865,-1.941526,27,72,30,82,0.000075,0.000071,-2.277678
4.830000,7.101318,-0.929480,-1.941398,27,72,30,81,0.000040,0.000024,-1.510687
4.840000,7.101723,-0.930197,-1.940472,28,72,30,82,-0.000051,0.000006,-0.871529
4.850000,7.101594,-0.927884,-1.940466,28,71,30,81,-0.000047,0.000016,1.685106
4.860000,7.101603,-0.929490,-1.940187,27,72,30,81,0.000003,0.000010,-1.255024
4.871000,7.101604,-0.928178,-1.938716,27,71,29,82,0.000040,0.000002,-0.615865
4.881000,7.101658,-0.927400,-1.938641,27,72,29,82,0.000017,0.000001,-0.488034
4.891000,7.101379,-0.928020,-1.938785,28,72,30,82,0.000136,0.000016,0.918115
4.901000,7.101591,-0.927913,-1.939564,28,72,30,81,0.000066,-0.000006,0.918115
4.911000,7.101578,-0.929601,-1.940238,27,72,29,81,0.000031,-0.000017,-1.127192
4.921000,7.101560,-0.930244,-1.939689,28,71,30,81,0.000033,0.000038,2.068601
4.931000,7.101461,-0.929630,-1.939843,28,71,30,82,-0.000015,0.000047,-0.871529
4.941000,7.101662,-0.930173,-1.938828,28,71,30,81,-0.000030,0.000025,-1.127192
4.951000,7.101400,-0.932588,-1.939625,27,71,29,81,0.000008,0.000007,1.429442
4.961000,7.101370,-0.932449,-1.939455,27,71,30,81,0.000036,0.000015,-1.255024
4.972000,7.101422,-0.930823,-1.939795,28,72,30,82,0.000008,0.000054,0.278957
4.982000,7.101459,-0.930313,-1.940661,28,72,30,81,-0.000050,0.000055,-0.360202
4.992000,7.101491,-0.931836,-1.940867,27,71,29,81,0.000001,0.000005,0.918115
5.002000,7.101677,-0.933382,-1.938840,28,72,29,81,-0.000029,-0.000008,-0.743697
5.012000,7.101604,-0.934888,-1.938551,28,72,30,82,-0.000004,0.000025,0.151125
5.022000,7.101794,-0.935389,-1.938780,28,72,30,82,0.000039,0.000051,-1.510687
5.032000,7.101579,-0.935269,-1.937705,27,72,30,82,0.000018,0.000051,-0.615865
5.042000,7.101863,-0.937711,-1.936353,28,71,30,81,0.000042,0.000040,-1.510687
5.052000,7.101571,-0.937679,-1.937638,28,72,29,82,0.000081,0.000019,2.196433
5.062000,7.101746,-0.937822,-1.939031,28,72,29,82,0.000098,0.000043,-0.104538
5.073000,7.101496,-0.936471,-1.938343,28,71,30,82,0.000017,0.000044,-0.232370
5.083000,7.101438,-0.938719,-1.939289,27,72,30,82,-0.000012,0.000039,2.068601
5.093000,7.101361,-0.937425,-1.940092,28,72,30,82,-0.000035,0.000022,0.151125
5.103000,7.101518,-0.937889,-1.939062,27,71,30,82,-0.000039,0.000021,0.278957
5.113000,7.101640,-0.938036,-1.938759,28,71,30,82,-0.000040,0.000001,0.278957
5.123000,7.101527,-0.939385,-1.939115,27,71,30,82,0.000018,0.000008,0.023293
5.133000,7.101594,-0.938312,-1.938814,27,72,30,82,0.000053,0.000025,-0.104538
5.144000,7.101479,-0.940299,-1.939176,28,72,29,82,0.000018,0.000027,-0.488034
5.154000,7.101665,-0.938625,-1.939176,27,72,30,81,-0.000016,0.000012,-0.871529
5.164000,7.101459,-0.938010,-1.939004,28,72,30,81,0.000001,0.000028,0.151125
5.174000,7.101668,-0.934396,-1.939065,27,72,30,82,0.000064,0.000027,-0.104538
5.184000,7.101306,-0.934086,-1.940274,28,72,30,82,0.000003,-0.000011,-0.999360
5.194000,7.101464,-0.931338,-1.942565,27,72,29,81,0.000000,-0.000045,0.023293
5.204000,7.101411,-0.928895,-1.943098,28,71,29,81,-0.000038,-0.000081,-1.382856
5.214000,7.101281,-0.929673,-1.945039,27,72,29,82,-0.000164,-0.000091,1.301611
5.225000,7.101388,-0.926817,-1.947193,28,71,30,82,-0.000123,-0.000074,1.301611
5.235000,7.101426,-0.926011,-1.945963,27,71,30,82,-0.000174,-0.000032,0.023293
5.245000,7.101422,-0.926043,-1.948006,28,71,30,82,-0.000211,-0.000022,-0.360202
5.255000,7.101080,-0.924217,-1.947660,28,72,30,81,-0.000131,-0.000036,1.429442
5.265000,7.101202,-0.924254,-1.947464,27,71,29,82,-0.000101,-0.000065,2.324264
5.275000,7.101213,-0.923655,-1.947021,28,71,30,82,-0.000052,-0.000078,0.790284
5.285000,7.101460,-0.924708,-1.946530,27,72,30,81,0.000014,-0.000035,0.918115
5.295000,7.101336,-0.925603,-1.947069,27,72,30,82,0.000017,-0.000034,2.068601
5.306000,7.101456,-0.924326,-1.947671,28,71,30,82,0.000019,0.000006,-1.510687
5.316000,7.101337,-0.924710,-1.947298,28,71,30,82,0.000033,-0.000012,-1.127192
5.326000,7.101421,-0.925091,-1.946670,28,72,30,81,-0.000004,-0.000007,-0.104538
5.336000,7.101283,-0.926337,-1.946109,28,71,30,82,-0.000049,-0.000018,-0.360202
5.346000,7.101242,-0.925343,-1.948341,27,72,30,82,-0.000046,0.000006,-1.382856
5.356000,7.101390,-0.923461,-1.947734,28,71,29,82,0.000039,0.000029,0.023293
5.366000,7.101093,-0.921122,-1.948258,28,72,29,82,0.000041,0.000026,-0.871529
5.376000,7.101210,-0.921596,-1.949092,27,71,30,82,-0.000041,-0.000037,2.452096
5.387000,7.101327,-0.921494,-1.949646,28,71,30,82,-0.000052,-0.000045,0.151125
5.397000,7.101242,-0.921052,-1.950127,27,72,30,81,-0.000046,-0.000075,2.835591
5.407000,7.101014,-0.921090,-1.950975,27,72,30,82,-0.000027,-0.000032,0.534620
5.417000,7.101188,-0.922241,-1.950155,28,72,31,82,-0.000076,0.000002,0.534620
5.427000,7.101210,-0.918936,-1.951169,28,71,30,82,-0.000108,-0.000008,0.023293
5.437000,7.100955,-0.920248,-1.951245,27,71,30,81,-0.000012,-0.000009,-3.811659
5.448000,7.101385,-0.919254,-1.950807,28,71,30,82,-0.000024,-0.000038,-0.615865
5.457000,7.101272,-0.918730,-1.951486,28,72,30,82,-0.000075,-0.000013,1.557274
5.468000,7.101292,-0.919681,-1.950299,28,71,29,82,-0.000032,0.000007,0.662452
5.478000,7.101306,-0.920362,-1.951049,27,72,30,82,0.000069,-0.000017,-2.277678
5.488000,7.101388,-0.919121,-1.950559,27,71,30,82,0.000050,0.000000,1.557274
5.498000,7.101175,-0.919092,-1.949559,27,71,29,82,0.000012,-0.000000,-0.232370
5.508000,7.101151,-0.918140,-1.947284,28,72,30,82,0.000022,0.000037,-0.360202
5.518000,7.101222,-0.917777,-1.948188,28,71,30,82,0.000060,-0.000020,-0.104538
5.528000,7.101349,-0.917980,-1.948926,28,71,30,81,0.000108,-0.000018,0.023293
5.538000,7.101317,-0.919448,-1.949586,28,71,29,82,0.000066,-0.000035,1.812938
5.549000,7.101086,-0.920614,-1.948966,27,71,30,82,-0.000034,-0.000015,-0.360202
5.559000,7.101287,-0.920341,-1.949730,27,71,29,81,-0.000026,0.000018,1.301611
5.569000,7.101324,-0.919963,-1.949165,28,72,29,81,-0.000008,0.000023,-0.743697
5.579000,7.101162,-0.920657,-1.950845,27,72,30,81,-0.000005,0.000056,-0.104538
5.589000,7.101199,-0.919591,-1.951480,28,72,30,81,-0.000018,-0.000010,0.918115
5.599000,7.101136,-0.920494,-1.954206,27,72,30,81,-0.000030,0.000005,-0.615865
5.609000,7.101171,-0.920495,-1.952452,28,71,30,82,-0.000070,0.000013,-0.360202
5.619000,7.101150,-0.919672,-1.951300,28,71,30,82,-0.000135,0.000015,-2.149846
5.629000,7.100977,-0.919097,-1.954317,28,72,30,82,-0.000059,-0.000009,2.324264
5.640000,7.101048,-0.918856,-1.955190,28,71,30,82,0.000049,0.000010,0.918115
5.650000,7.100867,-0.917287,-1.956164,27,71,29,82,-0.000021,-0.000016,0.023293
5.660000,7.100785,-0.918043,-1.955890,28,71,30,81,-0.000089,-0.000004,-0.488034
5.670000,7.100944,-0.919820,-1.955957,27,72,30,82,-0.000120,-0.000050,0.662452
5.680000,7.101153,-0.920009,-1.957314,28,72,30,82,-0.000066,-0.000034,-1.638519
5.690000,7.101043,-0.922397,-1.957923,28,71,30,82,-0.000022,0.000007,-0.232370
5.701000,7.100851,-0.920683,-1.959645,28,71,30,82,-0.000107,0.000032,0.790284
5.711000,7.100856,-0.920002,-1.960293,27,71,29,82,-0.000127,0.000052,1.429442
5.721000,7.100774,-0.920203,-1.958813,27,72,30,81,-0.000103,0.000039,-0.999360
5.731000,7.100959,-0.920425,-1.958332,27,71,29,82,-0.000070,-0.000009,1.045947
5.741000,7.101055,-0.920016,-1.958892,27,72,30,82,0.000011,-0.000022,0.278957
5.751000,7.100834,-0.920304,-1.960897,27,71,30,81,0.000028,-0.000007,2.452096
5.761000,7.101085,-0.915978,-1.960233,28,71,31,82,0.000008,-0.000005,0.406788
5.771000,7.101019,-0.915755,-1.960102,28,71,30,81,-0.000067,0.000001,-2.149846
5.782000,7.100797,-0.915903,-1.959113,28,71,30,82,-0.000072,-0.000044,0.278957
5.792000,7.101059,-0.916503,-1.959527,27,71,31,81,-0.000017,-0.000067,-1.127192
5.802000,7.100918,-0.917004,-1.959871,28,72,31,82,0.000071,-0.000040,0.406788
5.812000,7.100986,-0.919666,-1.959812,27,71,30,81,0.000040,-0.000013,1.045947
5.822000,7.100937,-0.918928,-1.960545,28,71,30,82,0.000013,0.000049,-0.232370
5.832000,7.100996,-0.921040,-1.961135,28,71,30,82,-0.000017,0.000073,-0.615865
5.842000,7.100999,-0.918148,-1.959721,27,72,30,81,-0.000024,0.000033,-1.382856
5.852000,7.100910,-0.918936,-1.959842,27,71,30,81,-0.000060,0.000036,-0.999360
5.863000,7.100815,-0.920781,-1.961166,28,71,30,81,0.000007,-0.000005,-0.488034
5.873000,7.100853,-0.922441,-1.960402,28,71,30,82,0.000041,-0.000014,-0.615865
5.883000,7.101038,-0.923594,-1.959387,28,71,30,81,0.000006,0.000015,-0.360202
5.893000,7.101093,-0.922405,-1.959337,27,71,30,82,-0.000030,0.000045,0.662452
5.903000,7.100931,-0.918983,-1.958975,28,71,30,82,0.000006,0.000036,-1.510687
5.913000,7.100796,-0.920777,-1.961010,28,71,30,82,0.000053,0.000057,1.045947
5.923000,7.100874,-0.922975,-1.961580,27,72,31,82,0.000012,-0.000045,-0.104538
5.933000,7.100896,-0.921893,-1.962182,27,72,30,82,-0.000060,-0.000047,-0.615865
5.943000,7.100752,-0.921451,-1.961803,28,71,30,82,-0.000060,0.000035,0.790284
5.954000,7.100697,-0.921233,-1.962384,27,71,30,82,-0.000105,0.000021,-0.615865
5.964000,7.100850,-0.922388,-1.961705,27,71,30,82,-0.000039,0.000021,0.023293
5.974000,7.100955,-0.924405,-1.960182,27,72,30,82,-0.000071,-0.000019,1.173779
5.984000,7.100944,-0.920485,-1.959703,28,72,30,81,-0.000036,0.000038,0.023293
5.994000,7.101051,-0.921668,-1.960254,28,72,30,81,0.000053,0.000059,-0.743697
6.004000,7.101051,-0.922013,-1.958655,28,72,29,82,0.000095,-0.000024,-2.789005
6.014000,7.101107,-0.922003,-1.960092,28,72,30,81,0.000092,-0.000009,2.068601
6.024000,7.100867,-0.921483,-1.959522,27,72,30,82,0.000115,-0.000004,-0.743697
6.034000,7.101010,-0.922095,-1.958659,28,72,30,82,0.000019,0.000008,0.534620
6.045000,7.101107,-0.922290,-1.959590,27,72,30,82,-0.000034,0.000004,-0.488034
6.055000,7.100953,-0.922628,-1.959961,28,72,29,82,0.000024,-0.000000,-1.510687
6.065000,7.100774,-0.921819,-1.961052,27,71,30,82,-0.000049,-0.000007,0.662452
6.075000,7.100949,-0.923457,-1.958845,28,72,29,81,-0.000098,0.000010,-0.104538
6.085000,7.100818,-0.925323,-1.958934,27,72,30,81,-0.000115,0.000014,-1.382856
6.095000,7.100968,-0.922655,-1.961310,28,71,30,82,-0.000018,0.000048,0.278957
6.105000,7.100760,-0.923289,-1.962150,28,72,30,82,-0.000055,0.000064,0.662452
6.116000,7.100917,-0.923290,-1.963386,28,72,29,82,-0.000106,0.000021,2.068601
6.126000,7.100783,-0.922991,-1.965306,28,71,30,81,-0.000092,-0.000012,0.790284
6.136000,7.100613,-0.924246,-1.966023,28,71,30,81,-0.000059,-0.000003,-0.232370
6.146000,7.100806,-0.924932,-1.965774,27,71,30,82,-0.000040,-0.000026,1.045947
6.156000,7.100719,-0.927100,-1.964931,28,71,30,82,-0.000020,-0.000009,0.534620
6.166000,7.100811,-0.928114,-1.961984,27,72,30,82,0.000008,0.000014,-0.360202
6.177000,7.100904,-0.926240,-1.960105,28,72,30,82,0.000004,0.000050,0.023293
6.186000,7.100985,-0.927092,-1.959372,28,71,30,82,0.000058,0.000076,0.790284
6.196000,7.100920,-0.927554,-1.958502,28,71,30,82,0.000126,0.000036,-0.360202
6.207000,7.101099,-0.927645,-1.957854,27,72,30,82,0.000099,0.000027,0.918115
6.217000,7.101145,-0.928397,-1.958452,27,71,30,82,0.000010,0.000021,0.278957
6.227000,7.100997,-0.929156,-1.956977,28,72,29,81,0.000034,0.000046,-1.127192
6.237000,7.101008,-0.930559,-1.958792,27,71,30,82,-0.000031,0.000060,0.790284
6.247000,7.101123,-0.931083,-1.959846,27,72,30,82,-0.000007,0.000046,0.790284
6.257000,7.100821,-0.932292,-1.960711,28,72,30,82,-0.000016,0.000065,-1.894183
6.267000,7.101046,-0.933082,-1.962021,28,72,29,82,-0.000090,0.000062,-1.638519
6.277000,7.100933,-0.936592,-1.964918,27,71,30,82,-0.000106,0.000088,-0.488034
6.288000,7.100770,-0.936808,-1.966803,28,72,29,82,-0.000095,0.000074,-0.488034
6.298000,7.100945,-0.938331,-1.968269,27,71,30,82,-0.000112,0.000073,-0.871529
6.308000,7.100664,-0.938196,-1.969296,28,72,30,81,-0.000172,0.000055,-0.615865
6.318000,7.100638,-0.937574,-1.970603,28,72,29,82,-0.000078,0.000048,3.219086
6.328000,7.100716,-0.938415,-1.970276,27,71,29,82,-0.000076,0.000023,-1.255024
6.338000,7.100558,-0.938264,-1.971997,27,72,30,82,-0.000064,0.000010,-1.766351
6.348000,7.100612,-0.937065,-1.971239,27,72,30,82,-0.000071,0.000004,-0.615865
6.358000,7.100994,-0.935314,-1.969879,27,71,30,81,-0.000002,-0.000012,0.023293
6.369000,7.100825,-0.936382,-1.968660,27,71,30,82,-0.000030,-0.000015,-0.871529
6.379000,7.100868,-0.934812,-1.968566,27,72,30,82,-0.000017,0.000019,0.918115
6.389000,7.100825,-0.934458,-1.967040,27,71,30,82,0.000026,-0.000005,0.918115
6.399000,7.100790,-0.935175,-1.967163,27,71,30,82,-0.000026,-0.000032,0.278957
6.409000,7.100709,-0.936593,-1.966560,28,71,30,82,0.000007,-0.000020,0.406788
6.419000,7.100990,-0.936980,-1.967695,28,72,30,82,-0.000014,-0.000016,1.173779
6.429000,7.100749,-0.935690,-1.969467,28,72,30,82,0.000051,0.000034,0.662452
6.440000,7.100742,-0.937874,-1.970672,27,72,30,81,-0.000025,0.000036,1.812938
6.450000,7.100641,-0.941242,-1.969804,27,72,29,82,-0.000037,-0.000007,0.406788
6.460000,7.100655,-0.941670,-1.971297,28,71,30,82,-0.000029,0.000011,0.790284
6.470000,7.100613,-0.943917,-1.970661,28,71,30,81,0.000061,0.000057,2.579928
6.480000,7.100757,-0.944475,-1.969741,28,72,30,81,0.000056,0.000070,0.406788
6.490000,7.100727,-0.944302,-1.970835,27,72,30,82,-0.000014,0.000060,0.151125
6.500000,7.100586,-0.944457,-1.970750,28,71,29,82,0.000032,0.000058,-2.405509
6.510000,7.100710,-0.944789,-1.969666,27,71,30,82,0.000006,0.000015,0.278957
6.520000,7.100659,-0.944845,-1.966924,28,72,30,82,-0.000009,0.000036,0.406788
6.530000,7.100747,-0.944431,-1.966617,28,72,29,82,0.000007,0.000071,0.918115
6.541000,7.100874,-0.944951,-1.965398,28,71,30,82,0.000020,0.000031,0.534620
6.551000,7.100919,-0.943807,-1.963151,27,71,30,82,0.000066,0.000005,-0.360202
6.561000,7.100859,-0.943240,-1.964043,27,72,30,82,0.000033,0.000023,-0.232370
6.571000,7.100868,-0.943536,-1.963406,28,72,29,81,0.000044,0.000012,-0.232370
6.581000,7.100651,-0.941623,-1.965781,27,71,30,82,0.000049,0.000012,-1.127192
6.591000,7.100758,-0.944267,-1.965253,28,71,30,81,0.000020,-0.000007,-0.104538
6.601000,7.100767,-0.943732,-1.966385,27,72,30,81,-0.000040,-0.000025,-2.789005
6.612000,7.100688,-0.944023,-1.967337,28,72,30,82,-0.000041,-0.000007,-1.255024
6.622000,7.100749,-0.944893,-1.967603,27,71,30,82,0.000011,0.000017,-0.743697
6.632000,7.100664,-0.944741,-1.970243,27,71,30,82,-0.000034,0.000009,-0.999360
6.642000,7.100505,-0.947003,-1.971376,27,72,31,82,-0.000028,0.000010,0.278957
6.652000,7.100658,-0.947747,-1.973439,27,72,29,81,-0.000061,-0.000007,0.151125
6.662000,7.100741,-0.947956,-1.973331,28,71,30,82,-0.000066,0.000038,1.429442
6.672000,7.100574,-0.946125,-1.972308,27,71,30,82,-0.000037,0.000040,0.406788
6.683000,7.100712,-0.945717,-1.971614,27,72,30,82,-0.000047,0.000033,-0.104538
6.693000,7.100624,-0.945603,-1.970864,27,72,30,81,0.000052,-0.000012,0.918115
6.703000,7.100621,-0.946340,-1.971437,27,72,30,82,0.000088,-0.000026,-1.894183
6.713000,7.100689,-0.947705,-1.970821,28,71,29,82,0.000081,-0.000028,0.023293
6.723000,7.100794,-0.946605,-1.969802,27,71,30,82,-0.000004,0.000015,-1.127192
6.733000,7.100907,-0.947676,-1.969269,28,72,30,82,-0.000017,0.000034,0.406788
6.743000,7.100834,-0.946752,-1.968445,28,72,30,82,-0.000021,0.000019,1.301611
6.754000,7.100604,-0.947525,-1.965438,28,71,30,82,-0.000010,0.000031,1.301611
6.764000,7.100826,-0.947903,-1.966195,28,71,30,82,-0.000030,0.000033,1.557274
6.774000,7.100768,-0.949031,-1.966510,27,71,30,82,0.000086,0.000036,-0.743697
6.784000,7.100779,-0.946844,-1.965389,28,71,29,82,-0.000024,0.000049,0.918115
6.794000,7.100728,-0.946473,-1.965227,28,72,30,82,-0.000068,0.000043,2.068601
6.804000,7.100863,-0.946415,-1.964877,28,71,30,82,0.000003,0.000045,0.151125
6.814000,7.100889,-0.945106,-1.965258,27,72,29,82,0.000020,0.000014,-0.360202
6.825000,7.100657,-0.945243,-1.965435,27,72,29,82,0.000003,-0.000011,-0.360202
6.835000,7.100809,-0.945300,-1.967013,28,72,30,82,-0.000002,0.000005,0.023293
6.845000,7.100691,-0.946579,-1.969370,28,71,30,82,0.000029,-0.000019,0.534620
6.855000,7.100709,-0.946125,-1.969967,28,71,30,81,-0.000060,-0.000012,-0.871529
6.865000,7.100538,-0.946540,-1.970507,27,71,29,82,-0.000092,-0.000031,-2.277678
6.875000,7.100716,-0.945918,-1.970770,28,71,30,82,-0.000115,0.000006,-1.127192
6.885000,7.100783,-0.947958,-1.968790,27,71,30,82,-0.000056,0.000021,-0.743697
6.896000,7.100859,-0.948803,-1.968423,27,71,30,81,0.000017,-0.000005,0.662452
6.906000,7.100831,-0.947361,-1.967655,27,71,31,81,0.000079,0.000024,-0.488034
6.916000,7.100727,-0.945080,-1.965868,27,72,29,82,0.000034,0.000049,-0.488034
6.926000,7.100764,-0.943791,-1.965909,27,71,30,82,0.000053,0.000023,-0.488034
6.936000,7.100824,-0.942739,-1.965866,28,72,30,82,0.000041,-0.000046,-1.255024
6.946000,7.100914,-0.943048,-1.966123,28,72,29,81,0.000042,-0.000047,-2.405509
6.956000,7.100804,-0.941418,-1.966610,29,72,30,82,-0.000029,-0.000037,0.151125
6.966000,7.100663,-0.942575,-1.965456,28,71,30,82,-0.000113,-0.000008,-0.743697
6.977000,7.100979,-0.944091,-1.965039,28,71,30,81,-0.000138,-0.000006,0.406788
6.987000,7.100869,-0.944645,-1.964493,28,71,30,82,-0.000085,0.000020,0.534620
6.997000,7.100912,-0.943210,-1.965781,28,72,29,81,0.000051,0.000040,-1.382856
7.007000,7.100774,-0.945203,-1.965789,28,72,29,82,0.000021,0.000031,-0.104538
7.017000,7.100733,-0.945204,-1.966058,28,71,30,82,-0.000043,0.000016,1.940769
7.027000,7.100950,-0.945375,-1.967102,28,71,30,82,0.000036,0.000031,-1.638519
7.037000,7.100688,-0.943720,-1.968065,28,72,30,82,0.000026,-0.000001,0.662452
7.048000,7.100657,-0.943568,-1.970572,28,72,30,82,0.000037,0.000011,-0.232370
7.058000,7.100704,-0.945211,-1.971886,28,71,30,81,0.000023,-0.000033,-0.104538
7.068000,7.100624,-0.946624,-1.970822,28,72,29,82,-0.000046,-0.000034,0.662452
7.078000,7.100796,-0.947008,-1.968493,28,73,30,81,-0.000046,-0.000011,-0.488034
7.088000,7.100740,-0.947395,-1.969940,28,72,30,82,-0.000012,0.000050,1.429442
7.098000,7.100757,-0.945502,-1.970593,28,72,30,82,0.000051,0.000045,0.151125
7.108000,7.100802,-0.942739,-1.970744,27,72,29,82,0.000055,0.000013,0.534620
7.119000,7.100760,-0.944015,-1.969690,27,71,30,82,-0.000050,-0.000025,-3.300331
7.129000,7.100831,-0.945221,-1.968180,27,72,30,81,-0.000075,-0.000039,2.707760
7.139000,7.100659,-0.944124,-1.968110,27,71,30,81,-0.000077,-0.000019,0.790284
7.149000,7.100767,-0.945435,-1.967073,27,72,30,81,0.000006,0.000042,-0.360202
7.159000,7.100770,-0.947804,-1.965891,27,71,30,82,0.000042,0.000027,0.278957
7.169000,7.100772,-0.946237,-1.966117,28,72,30,82,0.000002,0.000039,0.918115
7.179000,7.100949,-0.945053,-1.967240,28,71,30,82,0.000006,0.000060,-0.104538
7.190000,7.100996,-0.944717,-1.965645,27,71,30,82,-0.000020,0.000031,-0.360202
7.200000,7.100896,-0.943844,-1.965534,28,71,30,81,-0.000098,0.000032,-0.360202
7.210000,7.100774,-0.944952,-1.966182,28,71,30,81,-0.000067,-0.000001,-0.999360
7.220000,7.100941,-0.945476,-1.966252,28,72,29,82,-0.000019,-0.000017,1.429442
7.230000,7.100976,-0.948580,-1.965358,27,72,30,82,-0.000004,-0.000011,1.812938
7.240000,7.100949,-0.948159,-1.965073,28,71,30,82,-0.000035,0.000016,0.406788
7.250000,7.100913,-0.948827,-1.963856,28,71,30,81,0.000037,0.000041,0.790284
7.260000,7.100813,-0.948351,-1.964612,28,71,30,82,0.000109,0.000036,-1.127192
7.270000,7.100757,-0.946889,-1.965286,28,72,30,81,0.000102,0.000026,-0.615865
7.281000,7.100976,-0.947661,-1.963709,28,71,30,82,0.000032,0.000025,0.278957
7.291000,7.100858,-0.945445,-1.965319,28,71,30,82,0.000034,0.000010,-2.022014
7.301000,7.100819,-0.944019,-1.964888,28,71,30,82,-0.000007,0.000002,-2.405509
7.311000,7.100755,-0.943859,-1.965572,28,71,30,82,-0.000013,-0.000007,-0.104538
7.321000,7.100789,-0.944462,-1.966726,27,72,29,81,-0.000063,-0.000030,-2.277678
7.331000,7.100772,-0.945216,-1.967296,28,71,30,82,-0.000056,-0.000006,-0.360202
7.341000,7.100643,-0.945084,-1.965939,28,72,30,82,-0.000114,0.000014,-1.255024
7.352000,7.100723,-0.947009,-1.966500,28,73,30,82,-0.000060,0.000021,0.918115
7.362000,7.100826,-0.944547,-1.966689,28,72,30,82,0.000023,0.000051,0.790284
7.372000,7.100877,-0.944342,-1.966188,28,72,30,82,0.000039,0.000054,0.790284
7.382000,7.100560,-0.947982,-1.966280,28,72,29,82,0.000032,0.000001,-0.104538
7.393000,7.100883,-0.947886,-1